price,title
"9,900원",[푸마]홈쇼핑 특가 푸마 의류 상하의 단품/세트 모음
"6,900원",[프롬산타]최대30켤레 양말/페이크삭스 덧신 남자여자발목양말
"29,160원",[프로스펙스]오리지널 남성여성 워킹화 디스트릭 901 902 903
"39,510원",[팽현숙]옛날 순대국 총22인분(육수+옛날순대+국밥고기+양념장+들깨가루)
"62,410원",[에디션앤드지](에디션앤드지) 이진욱 몽골피에 구스다운 롱패딩 3종택1 NEZ4FP1902
"12,900원",[휠라언더웨어]FILA 휠라 언더웨어 노와이어/브라팬티세트/SET
"34,750원",[아디다스](신세계마산점)[MENS RUNNING]  런닝화/슬라이드/샌들 (FZ0388 FZ0387 FX3626 FX3627 FW3246 EE4169 EH3...
"8,900원",데이데이 잘나가는 데일리룩 8900 균일가
"21,900원",[닥터방기원]랩 탈모샴푸 1Lx3통+사은품(랩 탈모토닉 150mlx2개)
"5,900원",더다다 여름신상 빅사이즈 롱티셔츠/셔츠/원피스
"9,900원",[매일유업]매일두유/주스/우유 9900원 특가
"6,900원",여름 마지막할인가  루즈핏  블라우스/원피스
"12,900원",루즈델리 여름신상 롱원피스/빅사이즈/린넨/티셔츠
"21,900원",한예지 볼륨앤소프트 천연펄프 3겹  화장지 30롤 3팩
"24,000원",도형학습지 플라토 단계별 세트 선택구매 (전4권)
"7,900원",쁘띠뮤/COOL세일 레깅스2900원상하복7900원~
"6,900원",[립톤]아이스티 패션후르츠 1500g +계량컵증정: 행사특가 ~
"9,900원",단단한 복숭아 4.5kg내외(24과내외)/2개구매시10kg발송
"9,900원",[체이스컬트]체이스컬트 여름 싹쓰리 쇼핑 티셔츠/팬츠/원피스 외
"6,900원",[데일리앤]데일리앤 여름신상/반팔티/브이넥/레터링/롱티셔츠
"9,900원",쁘띠리얼 구운도너츠40g x25봉
"11,900원",[GFresh]보쌈무김치 /고기단짝 국내산 보쌈무김치 2kg
"12,900원",[쏘피]바디피트 3+3 골라담기 균일초특가/생리대/오버나이트
"19,900원",[하비비]청개구리 자동 변기 클리너 세정제 6개 (12개월분)
"16,800원",국내생산 귀가 편한 3중필터 마스크 50매
"50,000원",[한국투자증권](한국투자증권) 온라인 금융상품권 5만원권
"7,900원",국산 630g 르미에 라지자캔들 아로마향초 캔들워머
"99,000원",[엘르] [엘르75주년 한정판] ELLE파리 클린핏 노와이어 SUMMER 컬렉션
"9,900원",쫀쫀 실리콘 랩 뚜껑 24P 구성
"28,800원",곡물그대로 21 오리지널 100봉 + 자색고구마 100봉 (총 200봉) 직택배
"15,900원",코카콜라_캠핑쿨러팩_350MLx12
"10,000원",[행텐주니어]행텐틴즈 티셔츠 팬츠 래쉬가드 신상+시즌오프
"154,760원",[네파]네파 역시즌 남여 프리미아 고어텍스 구스다운 7F72015/7F82015
"43,900원",식객촌 한옥집 김치찜 6팩
"8,900원",[뱅뱅]뱅뱅인터크루 최대17%/싹쓰리썸머특가/반팔/반바지
"12,900원",[유한락스]유한락스 new 욕실청소 500mlx4개 +락스 500ml 증정
"7,300원",도라에몽 초코콘 15gx20개 어린이집 유치원 과자 간식
"10,900원",초록원 딸기잼 1kg+1kg/국내산 딸기쨈/식빵 /안전포장
"13,900원",[얌테이블]당일바리 포항 반건조 오징어 (중)5마리
"11,500원",[미스타셰프]미스타셰프 육개장 600g 4팩/간편조리/즉석/증정
"28,900원",석쇠닭갈비 300g 5팩 집에서 먹는 바삭촉촉 치킨
"27,500원",[박스포유]100%직접생산/ 박스포유 택배박스
"12,690원",순수고구마 말랭이 10봉 무료배송  해남달콤한자연식품
"24,900원",[스타벅스]컵커피 카페라떼  200mlX10컵X우드트레이+전용포장
"17,500원",[오뚜기밥]맛있는 오뚜기밥 210g x 24개입(1박스)
"24,900원",[뼈로가는칼슘두유]검은콩 190ml 72팩/두유
"28,800원",곡물그대로 21 오리지널 100봉 + 오리지널 100봉 (총 200봉) 직택배
"9,900원",태안 안면도 활 참바지락 (왕) 1Kg / 90미 내외
"17,500원",[동원참치]라이트 스탠다드 참치 100g 15캔 원터치
"39,910원",KF94 4중필터 마스크 50매 (개당 798원 특가) 개별포장
"9,900원",투투 역대급 3단균일가+10%즉시 슬랙스/반바지 5XL
"13,600원",[깨끗한나라]소프티 미용티슈 250매 3입 x 3팩 (특가)
"35,900원",랭킹닭컴 한끼 닭가슴살 패키지 30팩
"23,000원",[브리타]막스트라 플러스 필터 3개월분 +1개월분 (총 4개월분)
"39,000원",[몬테밀라노][몬테밀라노] 플라워 썸머 풀코디(블라우스 팬츠 베스트 총3종)
"14,000원",[게스]22%추가할인  게스 본사 특가 할인전
"7,900원",49/79균일가 썸머SALE 원피스/팬츠1+1/투피스/스커트
"12,400원",[사조해표]사조 해바라기유 900ml x4병
"8,900원",[에버라스트]여름세일 남녀 발목양말/페이크삭스/패션양말 7종세트
"6,900원",글램공감/브라1+팬티2/속옷세트/빅사이즈/여성속옷
"20,900원",[가담다]가담다 스탠드 분리수거함 /패달형 2단 분리수거/24L
"23,400원",[아가방]아가방 가을 토리누빔점퍼(NAVY)_01M55500213
"8,900원",엘룬/M~5XL/반팔티/티셔츠/쿨론티/빅사이즈/반바지
"27,630원",[베베숲]베베숲 프리미어 물티슈 엠보싱 캡 70매 20팩
"18,500원",[진라면]진라면 순한맛 / 매운맛 40개
"20,900원",[상하목장]상하목장 유기농 멸균우유 190ML  24팩
"30,000원",[디스커버리][모다아울렛][디스커버리] 여름 인기아이템 프리 클리어런스
"13,900원",[아이러브베베]아이러브베베물티슈핑크100매캡형X20팩
"14,900원",[베이비베이비]베이비베이비 아기물티슈 트윙클120매 20팩 캡형
"48,500원",[에쓰오일](S-OIL) 모바일주유권 5만원/ 실시간발송/ 주유상품권
"33,900원",[브리타]마렐라XL 3.5L 화이트 +필터 1개월분 (기본구성)
"28,600원",업계를 리드하는 기업 3SK택배박스
"6,900원",[플란투어]플란투어 39 파이토 카페인 샴푸 250ml (가는모발용)
"20,900원",[리스테린]리스테린 쿨민트 750ml 4개
"158,210원",[일렉트로룩스]에르고라피도 18V 무선청소기 ZB3113AK (중복쿠폰할인)
"48,500원",[에쓰오일](S-OIL) 모바일 주유권 5만원권
"29,900원",오꾸이 오징어 오리지날150gX4봉(600g) 안주/간식/
"55,000원",[길벗스쿨]길벗스쿨 기적의 역사논술 (전5권)
"14,600원",[스파클]스파클생수 2L 30병
"9,900원",[갤럭시]1+1 완벽등급 방수팩 스마트폰/휴대폰/핸드폰/노트9
"15,900원",수애랑 세면대 주방 수압상승 녹물 정수+필터 3P 세트
"24,900원",[스타벅스]컵커피 스키니라떼 200mlX10컵 X우드트레이+전용포장
"24,500원",[아침농산]국산 농부의아침 쌀10kg  백미 2019년산 햅쌀
"5,900원",스위트바니 여름신상5900원~롱원피스/티셔츠/박스티
"53,720원",[빈폴스포츠] 빈폴남성구스사파리 경량 다운 (BO9X38D16)
"23,600원",[깨끗한나라]순수브라운 3겹 화장지 27m 30롤 2팩 (특가)
"26,910원",~99사이즈 빅사이즈 린넨팬츠 4종세트+벨트
"26,900원",[잘풀리는집]순수PURE 천연펄프 25m30롤 x3팩/휴지/화장지
"29,900원",[GFresh](국산) 마녀 포기김치10kg / 배추김치
"9,500원",NEW땡큐 화장지 (30롤 x 2팩) / 3겹 두루마리 휴지
"18,900원",[유세린]유세린 하이알루론 미스트 150ml 1+1
"34,900원",(행사) 블랙 AIRWATCH 스마트 워치 밴드 전자시계
"14,500원",[다샵]국산 일회용 마스크 화이트 50매
"22,320원",[닥터브로너스]닥터브로너스  퓨어 캐스틸 솝 950ml+거품용기 (2개이상 구매시 120ml 증정 )
"28,600원",[깨끗한나라]순백블루 3겹 화장지 27m 30롤 x 3팩(특가)
"34,800원",[맥심]모카골드 커피믹스 160T+160T +비치타월 증정
"22,900원",가정식 생포기김치10Kg /총각/HACCP
"39,900원",[NeeGee]반지증정 14K 골드 신상 중량감up 팔찌/발찌/귀걸이
"15,000원",[지오다노]지오다노 썸머시즌오프 반팔/반바지/팬츠 최대80%OFF
"28,900원",[다우니]다우니 섬유유연제 8.5L 아로마플로럴 x 2개 농축형
"38,900원",[종근당]락토핏 생유산균 골드 50포 3개
"24,900원",[잘풀리는집]잘풀리는집 순수 프리미엄 30mx30롤 2팩/화장지
"29,000원",[대상웰라이프]마이밀 마시는 뉴프로틴 190mlx32개 (16개x2상자)
"40,000원",KF94 마스크 50매 식약처인증 국산 황사 방역 마스크 휴안청플러스 (plus_1ea_0507)
"29,900원",[아이젤] [izel]  데일리 드레이프 원피스 2종
"20,200원",무형광 미쁘 핸드타올  2겹5000매 페이퍼타올 핸드타월
"9,900원",[광동]카페드롭탑 카페라떼 200ml x 30입
"9,800원",[백산수]백산수 2L 12병/생수전문배송
"24,900원",[프렌치카페]프렌치카페 커피믹스 300T
"16,900원",[장석준명란]장석준명장 잘게 자른 송송명란 1kg/ 벌크 덕화푸드
"18,900원",[GNM자연의품격]품격있는 석류 콜라겐 농축스틱 2박스(총 60포) 특가
"25,200원",[키자니아](카드10%할인) 사전예약필수/직업체험 NO.1 키자니아 서울/부산 이용권(7/1~8/31) /직업체험
"28,900원",국내산 KF-AD 비말차단 마스크 대형 화이트50매 입체형
"25,900원",[순수식품]진짜 석류 콜라겐 젤리 스틱 3박스(45포) 300달톤
"9,800원",힐슈빌 여성샌들 여름샌들 샌들 스트랩 웨지 플랫샌들
"19,900원",[바라던]부드러운 구이용 부채살 200g 6팩 /미국산
"34,800원",[맥심]맥심 모카골드 커피믹스 320T +썸머 비치타월 증정
"25,900원",[코카콜라]코크제로 1.5PET X12  1박스
"28,800원",[제스프리]제스프리 썬골드키위 특대사이즈 3.5kg (과당 130g-140g 내외  24-26과  키위스푼 5개 증정)
"37,050원",[블랭크]블랭크 여성 쿨 보이핏 데님 2종
"20,900원",[삼육두유]삼육두유 고소한 미숫가루 두유 파우치 190ml 45팩
"59,900원",역전회관 역전회관 손질통낙지 280gx8팩 (4미4팩 + 5
"17,900원",[솔로이스트]22%쿠폰 창립이벤트 원피스/블라우스 102종 UTCJ2H01
"13,900원",[매일유업]바리스타룰스 코스타리카 330ml 12팩 + 임영웅 파우치
"21,900원",(행사상품)N 동서식품_맥심모카골드믹스_230T 2760G 
"29,750원",(행사상품)김화농협_철원오대미_10KG 포 
"5,500원",봉지롤5팩(2set) 색상랜덤 총10팩 300장 대용량
"9,900원",[키즈레시피]키즈레시피 디즈니미키/맨투맨/팬츠/여름아동복
"14,500원",[아디다스]아디다스 나이키外 바캉스 슬리퍼/실내화/샌들 모음
"97,000원",[구글플레이](카드가능) 기프트코드 10만원 / 구글 기프트카드
"49,800원",오즈시앤지 렛츠고 한국사 특별판 (1+2+3 합본)
"55,800원",[피코크]피코크 특제육수 조선호텔 김치 9kg/box   
"32,900원",[고려은단]마시는 고려은단 비타민C 1000 100mlX100병
"17,900원",강블리라이프 블링 휴 30M 3겹 30롤 X 2팩/화장지/휴지
"23,850원",[다우니]다우니 퍼플 1L 화이트티와 릴리 향 6개 +사은품
"25,900원",[롯데칠성]칠성사이다 복숭아 250ml 15캔+ 청귤 250ml 15캔
"69,900원",신세계푸드 순살 닭다리구이 23팩(소금구이/마늘간장/
"7,900원",이프지 남여공용 티셔츠 빅사이즈 롱 루즈핏 반팔티
"16,900원",[살림백서]살림백서 제습제 520ml 24개입 옷장 습기제거제
"59,000원",펭수 블루투스 마이크 스피커
"16,900원",[케라시스]케라시스 퍼퓸 샴푸 x5개(러1+엘1+퓨1+글1+블1)+사은품
"2,200원",[크리넥스]크리넥스 비말차단 스타일마스크 화이트 대형 3P/EA
"31,620원",[폴로랄프로렌]폴로랄프로렌 남녀공용 베이직로고 반팔티셔츠
"19,900원",고메 함박스테이크 5팩  치즈함박스테이크 5팩 (총 10팩)
"15,900원",[MLB]학생 슬리퍼/샌들/슬리퍼/남아샌들/남아슬리퍼/실내화
"8,900원",다온샵 역대균일특가 단하루 청바지/린넨/반바지 3XL~
"16,900원",[에프킬라]에프킬라 리퀴드 무향 리필(45일)x4개 모기약
"24,000원",국산 KF-AD 비말차단 일회용 덴탈마스크 대형 50매
"5,900원",티탁 가을신상여름 쓸어담는날/롱티셔츠/원피스/세트
"11,500원",국내생산 3중 마스크  50매 멜트블로운 일회용마스크
"31,200원",[HP]HP A4 복사용지(A4용지) 80g 2500매 2BOX/더블에이
"18,900원",[아이러브베베]아이러브베베물티슈 아이보리72매캡형X20팩
"32,900원",[제주삼다수]제주삼다수 500ml 80병 / 생수전문배송
"39,900원",[대웅모닝컴]대웅 3D 입체회전 리모컨 스탠드 써큘레이터 선풍기
"25,900원",[종근당]아이클리어 눈사랑 루테인 3박스 (90캡슐)
"42,900원",[임금님표]임금님표 이천쌀10kg 참결미
"45,810원",[착한낙지] 착한낙지세트 (손질낙지 13팩+ 양념 13팩)
"859,000원",[삼성전자]5%중복쿠폰 비스포크 김치냉장고 RQ32R7602AP 글라스
"41,900원",팽현숙 옛날 순대국 22인분 세트방송동일특가
"25,000원",[닥터자르트]닥터자르트 솔라바이옴 앰플 50ml (건성  복합)
"29,900원",[아이젤] [izel]  프렌치린넨 블랜드 메르시 레터링 티셔츠 5종
"4,900원",3+1시원한밴딩여름바지맛집5부 9부 쿨바지 여성쿨바지
"16,600원",[제주삼다수]제주삼다수 500ml 40병 / 생수전문배송
"15,900원",[너구리]신라면+안성탕면+너구리+짜파게티 20봉
"8,900원",[피니]피니 웜 젤리 1kg
"24,900원",삼진어묵  옛날모듬어묵 1Kg x 3개
"22,680원",[Miel]신상품 런칭기념 미엘물티슈 클래식 100매 캡형 20팩
"31,900원",비앤티박스 택배박스/착한가격/당일퀵배송/최고품질/
"6,900원",[가나양말]남자 여자 발목 양말 덧신 페이크삭스 뮬 블로퍼
"19,900원",[조성아뷰티]원더바스 16브랜드 조성아 메이크업 빅 썸머세일~
"9,900원",[푸마]홈쇼핑 동일 푸마/리복 언더셔츠 브라탑 특가 모음
"9,900원",초당 옥수수 10개입(17cm이상)/농협
"27,000원",[헬스원]롯데헬스원 퓨어콜라겐 정제 108정 2통 +증정
"53,820원",[에이블루]커블체어 와이더 20년형 자세교정의자 출시
"45,890원",[휠라] FILA 오크먼트 OAKMONT TR 3종 택1 남녀공용 운동화 스니커즈 어글리슈즈 (1JM00801)
"9,900원",달리샵 입으면 더 예쁜 원피스/티셔츠
"3,900원",[하이드로더치]10+10+7 하이드로 더치커피 콜드브루 원두 커피
"45,000원",very 얼리챕터북 Jack/Starters/My Weird School 선택
"24,370원",[파스퇴르]파스퇴르 무항생제 인증 바른목장 우유(190ml48입)/멸균우유
"27,900원",[크리넥스]크리넥스 KF94 데일리 마스크 검은색 대형 20p
"32,900원",[맥심]화이트골드 커피믹스 160T+160T 커피
"45,000원",[에그머니](카드가능)(에그머니) 온라인 게임상품권 5만원
"473,000원",[휘센]LG 휘센 인버터 제습기 20L DQ200PBBC 1등급
"47,410원",19년산  농부의미소 20KG/포 지마켓
"13,500원",[다우니]초고농축 다우니 섬유유연제 베리베리 1L 3개
"119,300원",[쿠첸]전기압력밥솥 10인용 CJS-FC1003F 뚜껑분리 / 자동세척
"29,700원",[라벨영]쇼킹 좀싹미스트 3+1증정/발냄새+땀제거
"11,900원",3+1 명품향을 담은 향수득템G
"25,900원",황금미가 신동진 쌀 10kg 19년산  (당일도정)
"44,200원",[밀레](신세계타임스퀘어점패션관)[밀레] MVOWD908 19FW 아동용 루아 키즈 롱 다운
"16,560원",[휴아이지옴므]HU 히든밴딩 감격슬랙스팬츠
"18,900원",[테리파머]호텔수건 무형광 180g 다이아보더 수건 10장 타올
"41,900원",[샤오미]샤오미 미밴드5  정품 블랙 /글로벌버전/공식파트너
"15,900원",서울약사신협 프로바이오 생유산균 100포
"12,000원",안녕 나는 시리즈 골라담기 8권 강릉 강원도 경주 서울 인천 전주 제주도 해외여행
"18,900원",[GNM자연의품격]칼슘 마그네슘 아연 비타민D 2통/6개월분
"42,200원",씨투엠에듀 플라토주머니 평면도형/입체도형 교구  선택구매
"6,900원",[푸르밀]카페베네 카페라떼 200ml x 10개
"17,800원",[블루레이스]블루레이스외 원피스/블라우스/자켓/티셔츠/가디건~
"10,000원",[케이지커머스]바른세탁소 액체세제 라임향 2.5L 4개 세탁세제
